# Launch Day Conditions (Up to date),,,,,,,,,,,,,
# 356 data points written for 14 variables.,,,,,,,,,,,,,
# Simulation warnings:,,,,,,,,,,,,,
"#   Discontinuity in rocket body diameter:  ""Nose cone"""," ""Body tube""",,,,,,,,,,,,
#,,,,,,,,,,,,,
# Time (s),Altitude (m),Vertical velocity (m/s),Total velocity (m/s),Vertical acceleration (m/s²),Total acceleration (m/s²),Position East of launch (m),Position North of launch (m),Lateral distance (m),Angle of attack (°),CG location (cm),Stability margin calibers (),Wind velocity (m/s),Wind direction (°)
# Event IGNITION occurred at t=0 seconds,,,,,,,,,,,,,
# Event LAUNCH occurred at t=0 seconds,,,,,,,,,,,,,
0,0,0,0,0,0,0,0,0,90,66.5,NaN,2.791,175
0.01,0,0,0,0,0,0,0,0,90,66.497,NaN,2.806,175
0.02,0,0,0,0,0,0,0,0,90,66.495,NaN,2.821,175
0.03,0,0,0,0,0,0,0,0,90,66.493,NaN,2.836,175
0.04,0,0,0,0,0,0,0,0,90,66.491,NaN,2.851,175
0.05,0,0,0,0,0,0,0,0,90,66.489,NaN,2.866,175
0.06,0,0,0,0,0,0,0,0,90,66.486,NaN,2.891,175
0.07,0,0,0,0,0,0,0,0,90,66.484,NaN,2.915,175
0.08,0,0,0,0,0,0,0,0,90,66.482,NaN,2.94,175
0.09,0,0,0,0,0,0,0,0,90,66.48,NaN,2.964,175
0.1,0,0,0,0,0,0,0,0,90,66.478,NaN,2.989,175
0.11,0,0,0.001,0.263,0.346,0,0,0,89.992,66.475,NaN,2.982,175
0.12,0,0.008,0.008,1.178,1.199,0,0,0,89.853,66.473,NaN,2.975,175
0.13,0,0.024,0.024,2.093,2.105,0,0,0,89.536,66.471,NaN,2.969,175
0.14,0.001,0.05,0.05,3.009,3.017,0,0,0,89.04,66.469,NaN,2.962,175
0.148,0.001,0.077,0.077,3.741,3.748,0,0,0,88.513,66.467,NaN,2.957,175
0.158,0.002,0.119,0.12,4.767,4.771,0,0,0,87.656,66.461,NaN,2.919,175
0.168,0.003,0.172,0.172,5.792,5.796,0,0,0,86.562,66.455,NaN,2.874,175
0.178,0.005,0.235,0.235,6.819,6.822,0,0.001,0.001,85.227,66.45,NaN,2.828,175
0.188,0.008,0.308,0.309,7.845,7.848,0,0.001,0.001,83.641,66.444,NaN,2.783,175
0.198,0.012,0.392,0.392,8.872,8.874,0,0.001,0.001,81.799,66.438,NaN,2.738,175
0.208,0.016,0.486,0.486,9.9,9.902,0,0.001,0.001,79.827,66.432,NaN,2.728,175
# Event LIFTOFF occurred at t=0.218 seconds,,,,,,,,,,,,,
0.218,0.021,0.59,0.59,10.928,10.928,0,0.001,0.001,77.692,66.427,NaN,2.726,175
0.228,0.028,0.704,0.705,11.956,11.956,0,0.002,0.002,75.392,66.421,NaN,2.725,175
0.238,0.036,0.829,0.83,13.075,13.075,0,0.002,0.002,72.928,66.413,NaN,2.723,175
0.248,0.045,0.966,0.966,14.196,14.196,0,0.002,0.002,70.314,66.404,NaN,2.722,175
0.258,0.055,1.113,1.114,15.316,15.316,0,0.002,0.002,67.741,66.396,NaN,2.743,175
0.268,0.067,1.272,1.272,16.437,16.437,0,0.002,0.002,65.146,66.388,NaN,2.769,175
0.278,0.08,1.442,1.442,17.559,17.559,0,0.003,0.003,62.52,66.379,NaN,2.795,175
0.288,0.096,1.623,1.623,18.681,18.681,0,0.003,0.003,59.886,66.371,NaN,2.821,175
0.294,0.106,1.737,1.737,19.354,19.354,0,0.003,0.003,58.313,66.366,NaN,2.837,175
0.303,0.122,1.916,1.916,20.399,20.399,0,0.003,0.003,55.973,66.356,NaN,2.861,175
0.313,0.142,2.126,2.126,21.561,21.561,0,0.003,0.003,53.415,66.346,NaN,2.887,175
0.323,0.165,2.347,2.348,22.723,22.723,0,0.004,0.004,50.919,66.335,NaN,2.913,175
0.333,0.189,2.58,2.581,23.885,23.885,0,0.004,0.004,48.5,66.324,NaN,2.939,175
0.343,0.216,2.825,2.825,25.048,25.048,0,0.004,0.004,46.17,66.314,NaN,2.966,175
0.353,0.246,3.081,3.082,26.211,26.211,0,0.004,0.004,43.82,66.303,NaN,2.98,175
0.363,0.278,3.351,3.352,27.788,27.788,0,0.005,0.005,41.288,66.29,NaN,2.966,175
0.373,0.313,3.637,3.637,29.366,29.366,0,0.005,0.005,38.844,66.278,NaN,2.952,175
0.382,0.347,3.908,3.908,30.786,30.786,0,0.005,0.005,36.734,66.267,NaN,2.939,175
0.392,0.388,4.222,4.222,32.008,32.008,0,0.005,0.005,34.507,66.253,NaN,2.925,175
0.402,0.431,4.548,4.548,33.231,33.231,0,0.005,0.005,32.41,66.238,NaN,2.91,175
0.412,0.479,4.886,4.887,34.453,34.453,0,0.006,0.006,30.415,66.224,NaN,2.891,175
0.419,0.514,5.131,5.131,35.31,35.31,-0.001,0.006,0.006,29.098,66.214,NaN,2.878,175
0.429,0.567,5.48,5.48,34.648,34.648,-0.001,0.006,0.006,27.366,66.2,NaN,2.86,175
0.439,0.623,5.824,5.824,33.986,33.986,-0.001,0.006,0.006,25.821,66.186,NaN,2.841,175
0.449,0.683,6.16,6.16,33.323,33.323,-0.001,0.007,0.007,24.437,66.172,NaN,2.822,175
0.459,0.746,6.49,6.49,32.658,32.658,-0.001,0.007,0.007,23.568,66.157,NaN,2.854,175
0.469,0.813,6.813,6.813,31.994,31.994,-0.001,0.007,0.007,22.833,66.143,NaN,2.891,175
0.477,0.868,7.067,7.067,31.461,31.461,-0.001,0.007,0.007,22.302,66.132,NaN,2.922,175
0.487,0.941,7.377,7.377,30.539,30.539,-0.001,0.007,0.007,21.704,66.119,NaN,2.959,175
0.497,1.016,7.678,7.678,29.615,29.615,-0.001,0.008,0.008,21.173,66.106,NaN,2.997,175
0.507,1.094,7.969,7.969,28.692,28.692,-0.001,0.008,0.008,20.5,66.093,NaN,3.002,175
0.517,1.175,8.252,8.252,27.767,27.767,-0.001,0.008,0.008,19.805,66.08,NaN,2.995,175
0.52,1.2,8.335,8.335,27.49,27.49,-0.001,0.008,0.008,19.609,66.076,NaN,2.992,175
0.525,1.238,8.458,8.458,27.298,27.298,-0.001,0.008,0.008,19.323,66.07,NaN,2.989,175
0.531,1.296,8.641,8.641,27.01,27.01,-0.001,0.008,0.008,18.911,66.062,NaN,2.983,175
0.541,1.383,8.909,8.909,26.583,26.583,-0.001,0.009,0.009,18.335,66.05,NaN,2.975,175
0.551,1.474,9.173,9.173,26.156,26.156,-0.001,0.009,0.009,17.825,66.039,NaN,2.972,175
0.561,1.567,9.432,9.432,25.728,25.728,-0.001,0.009,0.009,17.539,66.027,NaN,3.004,175
0.571,1.663,9.687,9.687,25.299,25.299,-0.001,0.009,0.009,17.275,66.015,NaN,3.035,175
0.581,1.761,9.938,9.938,24.87,24.87,-0.001,0.01,0.01,17.03,66.003,NaN,3.067,175
0.593,1.879,10.227,10.228,24.366,24.366,-0.001,0.01,0.01,16.766,65.989,NaN,3.104,175
0.603,1.983,10.47,10.47,24.066,24.066,-0.001,0.01,0.01,16.516,65.978,NaN,3.127,175
0.613,2.089,10.709,10.709,23.766,23.766,-0.001,0.01,0.01,16.184,65.967,NaN,3.131,175
0.623,2.197,10.945,10.945,23.465,23.465,-0.001,0.01,0.011,15.87,65.956,NaN,3.134,175
0.633,2.307,11.178,11.178,23.165,23.165,-0.001,0.011,0.011,15.572,65.945,NaN,3.138,175
0.643,2.42,11.408,11.408,22.864,22.864,-0.001,0.011,0.011,15.29,65.934,NaN,3.142,175
0.653,2.536,11.635,11.635,22.563,22.563,-0.001,0.011,0.011,15.001,65.923,NaN,3.141,175
0.663,2.653,11.86,11.86,22.263,22.263,-0.001,0.011,0.011,14.679,65.912,NaN,3.13,175
# Event LAUNCHROD occurred at t=0.673 seconds,,,,,,,,,,,,,
0.673,2.773,12.081,12.081,21.962,22.142,-0.001,0.012,0.012,14.372,65.901,1.3,3.118,175
0.688,2.956,12.407,12.407,21.513,21.693,-0.001,0.012,0.012,13.736,65.884,1.334,3.102,175
0.71,3.241,12.887,12.888,21.211,21.387,-0.001,0.014,0.014,12.937,65.862,1.378,3.114,175
0.735,3.564,13.404,13.405,20.885,21.052,-0.002,0.018,0.018,12.224,65.837,1.419,3.173,175
0.759,3.889,13.898,13.901,20.573,20.72,-0.002,0.024,0.024,11.431,65.812,1.466,3.215,175
0.782,4.223,14.38,14.383,20.268,20.385,-0.003,0.03,0.03,10.517,65.788,1.522,3.233,175
0.806,4.571,14.86,14.864,19.959,20.042,-0.003,0.038,0.038,9.598,65.764,1.58,3.26,175
0.831,4.941,15.344,15.349,19.64,19.69,-0.004,0.047,0.048,8.715,65.739,1.637,3.313,175
0.855,5.318,15.816,15.821,19.32,19.341,-0.005,0.057,0.058,7.758,65.714,1.702,3.35,175
0.882,5.754,16.337,16.343,19.108,19.108,-0.006,0.069,0.069,6.447,65.687,1.794,3.327,175
0.913,6.274,16.929,16.935,18.839,18.854,-0.007,0.083,0.083,4.965,65.657,1.904,3.308,175
"# Event SIM_WARN occurred at t=0.933 seconds: Discontinuity in rocket body diameter:  ""Nose cone"""," ""Body tube""",,,,,,,,,,,,
0.953,6.959,17.669,17.673,18.449,18.56,-0.009,0.099,0.099,3.138,65.619,2.049,3.288,175
1.003,7.866,18.577,18.578,17.85,18.253,-0.01,0.114,0.115,0.599,65.57,2.27,3.133,175
1.037,8.508,19.176,19.176,17.364,18.093,-0.011,0.119,0.12,1.191,65.537,2.223,2.939,175
1.087,9.488,20.028,20.03,16.756,18.024,-0.01,0.116,0.117,2.783,65.49,2.097,2.875,175
1.118,10.116,20.542,20.546,16.372,17.994,-0.009,0.106,0.107,3.49,65.461,2.045,2.847,175
1.144,10.648,20.957,20.967,16.058,17.972,-0.008,0.093,0.093,3.977,65.436,2.011,2.804,175
1.166,11.128,21.319,21.335,15.802,17.941,-0.007,0.076,0.076,4.243,65.415,1.994,2.781,175
1.187,11.582,21.65,21.674,15.586,17.897,-0.005,0.057,0.057,4.375,65.395,1.987,2.767,175
1.205,11.964,21.923,21.953,15.432,17.842,-0.004,0.038,0.038,4.374,65.378,1.99,2.769,175
1.225,12.404,22.229,22.269,15.345,17.797,-0.001,0.013,0.013,4.193,65.36,2.006,2.816,175
1.245,12.856,22.538,22.59,15.282,17.732,0.001,-0.016,0.016,3.939,65.341,2.028,2.863,175
1.266,13.33,22.857,22.921,15.244,17.647,0.004,-0.049,0.05,3.614,65.322,2.056,2.911,175
1.288,13.836,23.192,23.27,15.23,17.538,0.007,-0.089,0.089,3.208,65.301,2.091,2.961,175
1.312,14.392,23.554,23.648,15.231,17.411,0.012,-0.137,0.137,2.775,65.279,2.129,2.984,175
1.338,15.019,23.956,24.068,15.247,17.262,0.017,-0.195,0.196,2.305,65.255,2.172,2.976,175
1.369,15.759,24.423,24.558,15.301,17.066,0.023,-0.269,0.27,1.649,65.226,2.231,2.984,175
1.41,16.779,25.056,25.219,15.401,16.787,0.033,-0.381,0.382,0.672,65.187,2.322,3.014,175
1.423,17.107,25.257,25.428,15.433,16.7,0.036,-0.419,0.42,0.359,65.175,2.351,3.027,175
1.443,17.603,25.572,25.756,16.884,18.008,0.041,-0.477,0.479,0.096,65.156,2.378,3.047,175
1.452,17.846,25.736,25.925,17.588,18.648,0.044,-0.506,0.508,0.315,65.147,2.36,3.06,175
1.466,18.214,25.983,26.181,17.177,18.106,0.047,-0.551,0.553,0.668,65.133,2.33,3.098,175
1.488,18.772,26.343,26.552,16.549,17.3,0.054,-0.621,0.623,1.152,65.113,2.291,3.157,175
1.503,19.181,26.595,26.811,16.081,16.723,0.058,-0.673,0.675,1.445,65.098,2.268,3.19,175
1.526,19.802,26.968,27.195,16.108,16.652,0.065,-0.752,0.755,1.713,65.076,2.248,3.191,175
1.557,20.631,27.459,27.697,16.11,16.574,0.074,-0.861,0.864,1.906,65.047,2.236,3.177,175
1.583,21.368,27.888,28.136,16.07,16.521,0.083,-0.958,0.962,1.87,65.022,2.243,3.122,175
1.61,22.11,28.311,28.569,16.013,16.473,0.091,-1.058,1.062,1.786,64.997,2.254,3.095,175
1.636,22.872,28.738,29.006,15.945,16.428,0.1,-1.161,1.165,1.69,64.972,2.266,3.117,175
1.664,23.668,29.175,29.454,15.834,16.395,0.11,-1.27,1.275,1.429,64.946,2.292,3.106,175
1.696,24.6,29.674,29.968,15.659,16.381,0.121,-1.4,1.405,0.971,64.916,2.336,3.054,175
1.736,25.812,30.301,30.619,15.367,16.412,0.136,-1.573,1.579,0.222,64.878,2.409,2.928,175
1.786,27.346,31.059,31.415,14.948,16.393,0.156,-1.8,1.807,0.445,64.831,2.396,2.88,175
1.836,28.918,31.797,32.199,14.582,16.348,0.177,-2.044,2.051,0.809,64.784,2.371,2.897,175
1.88,30.32,32.428,32.874,14.341,16.254,0.196,-2.271,2.28,0.883,64.742,2.371,2.933,175
1.919,31.593,32.983,33.472,14.192,16.123,0.215,-2.487,2.496,0.81,64.706,2.383,2.951,175
1.955,32.804,33.498,34.027,14.107,15.96,0.233,-2.698,2.708,0.632,64.671,2.404,2.961,175
2.005,34.496,34.205,34.786,14.17,15.737,0.26,-3.005,3.016,0.151,64.624,2.454,3.059,175
2.055,36.224,34.913,35.544,14.16,15.578,0.288,-3.329,3.341,0.068,64.577,2.469,2.978,175
2.105,37.987,35.624,36.299,14.252,15.355,0.317,-3.669,3.682,0.589,64.53,2.429,3.165,175
2.152,39.68,36.291,37.007,14.057,15.313,0.346,-4.002,4.017,0.323,64.486,2.459,2.952,175
2.202,41.512,36.988,37.753,13.843,15.274,0.378,-4.371,4.387,0.087,64.438,2.488,2.813,175
2.21,41.806,37.098,37.87,13.831,15.252,0.383,-4.431,4.447,0.112,64.431,2.487,2.837,175
2.222,42.248,37.262,38.047,13.801,15.209,0.391,-4.521,4.538,0.146,64.42,2.486,2.872,175
2.24,42.915,37.508,38.31,13.753,15.146,0.403,-4.659,4.676,0.188,64.403,2.484,2.925,175
2.266,43.923,37.875,38.704,13.679,15.052,0.421,-4.869,4.887,0.254,64.378,2.482,3.023,175
2.307,45.454,38.421,39.291,13.538,14.928,0.449,-5.193,5.212,0.293,64.34,2.484,3.177,175
2.357,47.392,39.091,40.014,13.249,14.844,0.485,-5.61,5.631,0.124,64.293,2.507,3.279,175
2.407,49.363,39.744,40.727,12.845,14.852,0.522,-6.045,6.067,0.237,64.246,2.504,3.24,175
2.457,51.366,40.373,41.43,12.364,14.972,0.561,-6.498,6.522,0.73,64.199,2.467,2.946,175
2.485,52.514,40.721,41.824,12.236,14.923,0.584,-6.763,6.788,0.77,64.172,2.467,2.839,175
2.494,52.884,40.832,41.949,12.214,14.891,0.592,-6.85,6.875,0.757,64.163,2.47,2.805,175
2.508,53.441,40.998,42.137,12.211,14.781,0.603,-6.981,7.007,0.663,64.15,2.48,2.794,175
2.528,54.28,41.248,42.419,12.267,14.564,0.62,-7.181,7.207,0.428,64.132,2.504,2.826,175
2.559,55.549,41.625,42.839,12.371,14.242,0.646,-7.486,7.514,0.057,64.103,2.542,2.864,175
2.605,57.474,42.196,43.464,12.462,13.847,0.687,-7.956,7.986,0.384,64.061,2.519,2.877,175
2.653,59.513,42.792,44.11,12.358,13.575,0.73,-8.462,8.493,0.527,64.016,2.513,2.811,175
2.687,60.982,43.213,44.564,12.252,13.395,0.762,-8.829,8.862,0.607,63.984,2.51,2.892,175
2.716,62.245,43.567,44.946,12.058,13.292,0.789,-9.147,9.181,0.526,63.957,2.522,2.942,175
2.749,63.692,43.961,45.375,11.737,13.238,0.821,-9.514,9.549,0.307,63.926,2.546,2.981,175
2.763,64.314,44.125,45.556,11.607,13.213,0.835,-9.673,9.709,0.236,63.912,2.555,3.034,175
2.784,65.25,44.369,45.827,11.47,13.257,0.855,-9.913,9.95,0.122,63.893,2.568,3.118,175
2.816,66.664,44.73,46.231,11.195,13.39,0.887,-10.279,10.317,0.132,63.863,2.572,3.174,175
2.864,68.806,45.252,46.832,10.763,13.657,0.935,-10.842,10.882,0.516,63.819,2.544,3.13,175
2.893,70.161,45.57,47.206,10.595,13.75,0.967,-11.204,11.246,0.634,63.792,2.537,3.065,175
2.918,71.265,45.826,47.508,10.563,13.726,0.992,-11.504,11.546,0.62,63.769,2.542,3.012,175
2.942,72.388,46.084,47.814,10.623,13.614,1.019,-11.811,11.855,0.514,63.746,2.555,2.958,175
2.971,73.729,46.394,48.177,10.725,13.466,1.051,-12.183,12.228,0.377,63.719,2.571,2.821,175
3.01,75.556,46.819,48.668,11.016,13.146,1.095,-12.696,12.743,0.022,63.682,2.609,2.698,175
3.06,77.911,47.385,49.297,11.564,12.715,1.153,-13.366,13.416,0.666,63.636,2.558,2.891,175
3.081,78.902,47.627,49.559,11.643,12.649,1.177,-13.65,13.7,0.782,63.616,2.551,2.946,175
3.099,79.741,47.832,49.78,11.635,12.62,1.198,-13.891,13.942,0.799,63.599,2.552,2.992,175
3.116,80.56,48.03,49.994,11.536,12.624,1.218,-14.126,14.179,0.715,63.583,2.562,3.004,175
3.12,80.768,48.08,50.048,11.501,12.629,1.223,-14.186,14.239,0.684,63.579,2.565,3.007,175
3.126,81.08,48.154,50.129,11.427,12.626,1.231,-14.276,14.329,0.631,63.573,2.571,3.011,175
3.136,81.548,48.264,50.25,11.303,12.629,1.242,-14.411,14.464,0.539,63.564,2.581,3.016,175
3.151,82.253,48.428,50.43,11.091,12.658,1.26,-14.615,14.669,0.38,63.55,2.597,3.025,175
3.173,83.315,48.666,50.699,10.735,12.755,1.286,-14.923,14.978,0.115,63.53,2.624,3.035,175
3.205,84.917,49.01,51.097,10.174,12.996,1.327,-15.391,15.448,0.282,63.499,2.614,3.029,175
3.248,87.025,49.43,51.608,9.517,13.362,1.38,-16.016,16.075,0.701,63.459,2.582,2.885,175
3.266,87.905,49.598,51.817,9.417,13.34,1.403,-16.28,16.34,0.716,63.442,2.583,2.862,175
3.283,88.766,49.761,52.02,9.409,13.221,1.425,-16.54,16.602,0.658,63.426,2.591,2.843,175
3.302,89.697,49.937,52.239,9.487,13.004,1.45,-16.824,16.887,0.526,63.408,2.605,2.826,175
3.325,90.854,50.159,52.509,9.697,12.631,1.48,-17.18,17.244,0.266,63.387,2.632,2.84,175
3.36,92.6,50.502,52.912,10.036,12.124,1.527,-17.721,17.787,0.141,63.354,2.648,2.848,175
3.382,93.72,50.725,53.169,10.185,11.895,1.557,-18.071,18.138,0.338,63.333,2.634,2.834,175
3.404,94.838,50.876,53.343,3.497,4.788,1.587,-18.422,18.49,0.462,63.315,2.625,2.818,175
3.418,95.55,50.867,53.342,-4.767,4.77,1.606,-18.645,18.714,0.49,63.308,2.624,2.799,175
3.439,96.617,50.704,53.181,-10.743,10.91,1.635,-18.981,19.052,0.471,63.304,2.626,2.77,175
# Event BURNOUT occurred at t=3.45 seconds,,,,,,,,,,,,,
3.45,97.174,50.569,53.044,-13.892,14.194,1.65,-19.157,19.228,0.434,63.302,2.63,2.755,175
3.467,98.007,50.34,52.811,-13.903,14.175,1.673,-19.42,19.492,0.388,63.302,2.634,2.773,175
3.491,99.248,49.995,52.463,-13.975,14.177,1.706,-19.813,19.886,0.262,63.302,2.645,2.799,175
3.528,101.095,49.474,51.943,-14.101,14.215,1.757,-20.4,20.475,0.054,63.302,2.664,2.886,175
3.578,103.551,48.763,51.246,-14.37,14.391,1.824,-21.186,21.265,0.322,63.302,2.639,2.876,175
3.616,105.385,48.217,50.721,-14.506,14.508,1.875,-21.78,21.86,0.545,63.302,2.619,2.745,175
3.64,106.508,47.878,50.398,-14.49,14.49,1.907,-22.146,22.228,0.589,63.302,2.615,2.634,175
3.662,107.557,47.56,50.096,-14.34,14.343,1.936,-22.491,22.574,0.499,63.302,2.623,2.57,175
3.688,108.801,47.187,49.737,-14.043,14.072,1.971,-22.902,22.987,0.267,63.302,2.644,2.536,175
3.727,110.65,46.644,49.204,-13.572,13.699,2.024,-23.519,23.606,0.141,63.302,2.655,2.497,175
3.777,112.965,45.978,48.535,-13.037,13.377,2.091,-24.296,24.386,0.632,63.302,2.611,2.583,175
3.799,113.977,45.692,48.241,-12.886,13.297,2.12,-24.637,24.728,0.762,63.302,2.6,2.669,175
3.818,114.824,45.453,47.995,-12.884,13.268,2.145,-24.923,25.015,0.727,63.302,2.603,2.684,175
3.838,115.718,45.198,47.735,-12.945,13.262,2.17,-25.226,25.319,0.616,63.302,2.612,2.696,175
3.861,116.784,44.89,47.423,-13.073,13.291,2.201,-25.587,25.682,0.418,63.302,2.63,2.719,175
3.897,118.37,44.422,46.957,-13.317,13.41,2.248,-26.127,26.223,0.06,63.302,2.662,2.764,175
3.947,120.574,43.746,46.303,-13.663,13.672,2.312,-26.884,26.983,0.438,63.302,2.628,2.762,175
3.981,122.042,43.284,45.862,-13.704,13.706,2.356,-27.393,27.495,0.555,63.302,2.617,2.801,175
4.008,123.236,42.905,45.502,-13.637,13.64,2.392,-27.812,27.915,0.545,63.302,2.618,2.817,175
4.037,124.469,42.513,45.129,-13.516,13.523,2.429,-28.248,28.352,0.478,63.302,2.624,2.783,175
4.071,125.886,42.065,44.7,-13.198,13.237,2.472,-28.753,28.859,0.189,63.302,2.65,2.835,175
4.121,127.973,41.418,44.066,-12.723,12.865,2.537,-29.504,29.613,0.278,63.302,2.642,2.935,175
4.171,130.028,40.789,43.438,-12.496,12.69,2.601,-30.251,30.363,0.461,63.302,2.625,2.951,175
4.208,131.546,40.322,42.972,-12.479,12.65,2.648,-30.807,30.92,0.408,63.302,2.63,2.946,175
4.251,133.286,39.776,42.433,-12.643,12.73,2.703,-31.448,31.564,0.104,63.302,2.657,2.839,175
4.301,135.259,39.14,41.816,-12.813,12.844,2.766,-32.183,32.301,0.227,63.302,2.646,2.731,175
4.351,137.2,38.497,41.203,-12.847,12.862,2.828,-32.915,33.037,0.385,63.302,2.632,2.638,175
4.401,139.087,37.869,40.603,-12.574,12.615,2.89,-33.637,33.761,0.131,63.302,2.655,2.741,175
4.451,140.965,37.244,40.001,-12.431,12.482,2.952,-34.366,34.492,0.048,63.302,2.662,2.649,175
4.501,142.811,36.627,39.404,-12.24,12.315,3.014,-35.091,35.22,0.112,63.302,2.656,2.612,175
4.551,144.627,36.021,38.813,-12.029,12.139,3.076,-35.813,35.945,0.316,63.302,2.638,2.668,175
4.601,146.413,35.42,38.226,-12.025,12.112,3.137,-36.531,36.666,0.218,63.302,2.646,2.587,175
4.651,148.169,34.819,37.644,-12.02,12.088,3.198,-37.246,37.383,0.122,63.302,2.655,2.571,175
4.701,149.895,34.218,37.066,-12.019,12.072,3.259,-37.957,38.097,0.017,63.302,2.664,2.57,175
4.751,151.591,33.619,36.492,-11.932,11.988,3.319,-38.666,38.808,0.05,63.302,2.661,2.673,175
4.801,153.257,33.019,35.921,-12.064,12.085,3.379,-39.371,39.516,0.269,63.302,2.641,2.493,175
4.851,154.893,32.418,35.355,-11.968,11.993,3.439,-40.075,40.222,0.227,63.302,2.645,2.494,175
4.901,156.499,31.823,34.793,-11.834,11.867,3.499,-40.777,40.927,0.118,63.302,2.655,2.478,175
4.951,158.076,31.237,34.237,-11.602,11.664,3.559,-41.476,41.629,0.169,63.302,2.65,2.57,175
5.001,159.623,30.661,33.685,-11.444,11.526,3.618,-42.173,42.328,0.34,63.302,2.635,2.629,175
5.051,161.142,30.09,33.138,-11.394,11.472,3.677,-42.866,43.024,0.331,63.302,2.635,2.637,175
5.101,162.632,29.52,32.595,-11.413,11.473,3.736,-43.556,43.716,0.198,63.302,2.647,2.621,175
5.151,164.094,28.95,32.055,-11.411,11.459,3.794,-44.243,44.406,0.103,63.302,2.656,2.658,175
5.201,165.527,28.379,31.519,-11.413,11.451,3.852,-44.928,45.093,0,63.302,2.665,2.692,175
5.251,166.932,27.81,30.987,-11.336,11.378,3.91,-45.61,45.777,0.045,63.302,2.661,2.814,175
5.301,168.308,27.239,30.458,-11.49,11.505,3.968,-46.29,46.459,0.353,63.302,2.633,2.617,175
5.351,169.656,26.666,29.933,-11.421,11.437,4.026,-46.968,47.14,0.329,63.302,2.635,2.616,175
5.401,170.975,26.097,29.413,-11.347,11.364,4.083,-47.644,47.819,0.296,63.302,2.638,2.551,175
5.451,172.266,25.54,28.898,-10.943,11.01,4.141,-48.319,48.496,0.421,63.302,2.627,2.894,175
5.501,173.529,24.992,28.388,-10.998,11.044,4.198,-48.992,49.171,0.214,63.302,2.645,2.707,175
5.551,174.765,24.44,27.882,-11.044,11.075,4.255,-49.661,49.843,0.015,63.302,2.663,2.541,175
5.601,175.973,23.889,27.38,-10.996,11.026,4.312,-50.329,50.513,0.015,63.302,2.663,2.488,175
5.651,177.154,23.341,26.883,-10.923,10.955,4.368,-50.994,51.181,0.075,63.302,2.658,2.465,175
5.701,178.307,22.798,26.39,-10.816,10.855,4.424,-51.658,51.847,0.221,63.302,2.644,2.497,175
5.751,179.434,22.261,25.902,-10.66,10.714,4.481,-52.319,52.51,0.49,63.302,2.62,2.629,175
5.801,180.533,21.731,25.419,-10.55,10.614,4.536,-52.977,53.171,0.66,63.302,2.605,2.76,175
5.851,181.607,21.2,24.94,-10.694,10.73,4.592,-53.633,53.829,0.23,63.302,2.643,2.588,175
5.901,182.653,20.664,24.464,-10.73,10.756,4.648,-54.286,54.485,0.049,63.302,2.66,2.561,175
5.951,183.673,20.13,23.993,-10.639,10.67,4.703,-54.938,55.138,0.185,63.302,2.647,2.705,175
6.001,184.666,19.599,23.527,-10.624,10.652,4.758,-55.587,55.79,0.131,63.302,2.652,2.74,175
6.051,185.633,19.067,23.065,-10.65,10.672,4.813,-56.235,56.44,0.029,63.302,2.662,2.701,175
6.101,186.573,18.535,22.609,-10.634,10.654,4.868,-56.88,57.088,0.083,63.302,2.657,2.696,175
6.151,187.487,18.009,22.157,-10.407,10.445,4.922,-57.525,57.735,0.43,63.302,2.625,2.996,175
6.201,188.374,17.488,21.711,-10.398,10.431,4.977,-58.167,58.379,0.373,63.302,2.63,2.996,175
6.251,189.235,16.971,21.27,-10.296,10.336,5.031,-58.806,59.021,0.566,63.302,2.613,3.154,175
6.301,190.071,16.456,20.835,-10.331,10.363,5.085,-59.444,59.661,0.395,63.302,2.628,3.13,175
6.351,190.881,15.939,20.405,-10.343,10.37,5.139,-60.08,60.299,0.283,63.302,2.638,3.141,175
6.401,191.665,15.421,19.98,-10.383,10.404,5.192,-60.714,60.935,0.084,63.302,2.656,3.094,175
6.451,192.423,14.9,19.561,-10.428,10.444,5.246,-61.346,61.57,0.138,63.302,2.651,3.004,175
6.501,193.155,14.38,19.149,-10.377,10.393,5.299,-61.977,62.203,0.072,63.302,2.657,3.035,175
6.551,193.861,13.86,18.743,-10.407,10.42,5.353,-62.606,62.834,0.262,63.302,2.64,2.888,175
6.601,194.541,13.344,18.345,-10.259,10.277,5.406,-63.234,63.465,0.116,63.302,2.653,3.016,175
6.651,195.195,12.831,17.954,-10.237,10.255,5.459,-63.86,64.093,0.097,63.302,2.655,2.907,175
6.701,195.824,12.321,17.572,-10.168,10.187,5.512,-64.485,64.72,0.239,63.302,2.642,2.867,175
6.751,196.428,11.818,17.197,-9.938,9.969,5.565,-65.109,65.346,0.914,63.302,2.582,3.131,175
6.801,197.006,11.322,16.831,-9.923,9.952,5.617,-65.73,65.97,0.906,63.302,2.582,3.044,175
6.851,197.56,10.826,16.474,-9.896,9.924,5.67,-66.35,66.591,0.937,63.302,2.58,3,175
6.901,198.089,10.332,16.125,-9.874,9.901,5.722,-66.967,67.211,0.955,63.302,2.578,2.968,175
6.951,198.593,9.839,15.786,-9.849,9.875,5.774,-67.583,67.829,0.984,63.302,2.576,2.959,175
7.001,199.073,9.348,15.456,-9.799,9.825,5.826,-68.197,68.446,1.101,63.302,2.565,3.02,175
7.051,199.528,8.857,15.137,-9.854,9.875,5.878,-68.81,69.06,0.855,63.302,2.587,2.873,175
7.101,199.958,8.367,14.828,-9.748,9.772,5.929,-69.421,69.673,1.173,63.302,2.559,3.08,175
7.151,200.365,7.879,14.53,-9.769,9.791,5.981,-70.03,70.285,1.046,63.302,2.57,3.023,175
7.201,200.746,7.389,14.244,-9.813,9.831,6.032,-70.637,70.894,0.831,63.302,2.589,2.901,175
7.251,201.103,6.898,13.971,-9.838,9.853,6.083,-71.243,71.502,0.68,63.302,2.602,2.796,175
7.301,201.436,6.406,13.711,-9.824,9.839,6.134,-71.848,72.109,0.676,63.302,2.603,2.763,175
7.351,201.744,5.916,13.465,-9.767,9.782,6.185,-72.451,72.715,0.846,63.302,2.587,2.836,175
7.401,202.028,5.427,13.234,-9.804,9.816,6.236,-73.053,73.319,0.648,63.302,2.605,2.6,175
# Event EJECTION_CHARGE occurred at t=7.45 seconds,,,,,,,,,,,,,
7.45,202.282,4.947,13.022,-9.741,9.754,6.286,-73.643,73.911,0.853,63.302,2.587,2.648,175
# Event RECOVERY_DEVICE_DEPLOYMENT occurred at t=7.451 seconds,,,,,,,,,,,,,
7.453,202.295,4.923,13.012,-24.981,51.758,6.289,-73.673,73.941,NaN,63.302,-9.476,2.648,175
7.472,202.385,4.44,12.019,-22.623,45.891,6.307,-73.896,74.165,NaN,63.302,-9.476,2.648,175
7.494,202.476,3.947,11.029,-20.431,40.436,6.327,-74.13,74.399,NaN,63.302,-9.476,2.649,175
7.518,202.568,3.442,10.044,-18.323,34.849,6.348,-74.373,74.643,NaN,63.302,-9.476,2.526,175
7.547,202.659,2.916,9.067,-16.354,29.512,6.369,-74.63,74.902,NaN,63.302,-9.476,2.333,175
7.581,202.748,2.362,8.104,-14.662,25.429,6.393,-74.906,75.178,NaN,63.302,-9.476,2.327,175
7.62,202.83,1.785,7.162,-13.16,21.926,6.417,-75.194,75.467,NaN,63.302,-9.476,2.365,175
7.666,202.898,1.185,6.249,-11.831,18.876,6.442,-75.491,75.765,NaN,63.302,-9.476,2.418,175
7.719,202.944,0.558,5.386,-10.67,16.332,6.467,-75.794,76.07,NaN,63.302,-9.476,2.514,175
# Event APOGEE occurred at t=7.771 seconds,,,,,,,,,,,,,
7.771,202.959,0,4.709,-9.793,14.678,6.489,-76.057,76.333,NaN,63.302,-9.476,2.701,175
7.839,202.936,-0.667,4.02,-8.868,13.071,6.514,-76.351,76.629,NaN,63.302,-9.476,2.964,175
7.916,202.859,-1.346,3.499,-8.129,11.061,6.537,-76.626,76.904,NaN,63.302,-9.476,2.835,175
8.006,202.704,-2.081,3.292,-7.39,9.683,6.558,-76.886,77.165,NaN,63.302,-9.476,2.864,175
8.109,202.45,-2.844,3.423,-6.596,8.578,6.577,-77.115,77.395,NaN,63.302,-9.476,2.973,175
8.226,202.073,-3.613,3.828,-5.839,7.393,6.592,-77.3,77.58,NaN,63.302,-9.476,2.876,175
8.361,201.531,-4.403,4.451,-4.958,6.156,6.602,-77.429,77.71,NaN,63.302,-9.476,2.669,175
8.524,200.751,-5.208,5.208,-3.773,4.798,6.606,-77.487,77.768,NaN,63.302,-9.476,2.503,175
8.732,199.583,-5.994,6.02,-2.318,3.235,6.6,-77.435,77.716,NaN,63.302,-9.476,2.367,175
9.041,197.619,-6.711,6.827,-0.574,2.257,6.574,-77.156,77.436,NaN,63.302,-9.476,2.844,175
9.415,195.069,-6.926,7.229,-0.198,0.888,6.519,-76.537,76.814,NaN,63.302,-9.476,2.696,175
9.778,192.546,-6.997,7.393,-0.034,0.162,6.449,-75.732,76.006,NaN,63.302,-9.476,2.499,175
10.136,190.035,-7.01,7.423,0.002,0.177,6.373,-74.87,75.141,NaN,63.302,-9.476,2.569,175
10.494,187.527,-7.009,7.443,0.006,0.331,6.296,-73.988,74.256,NaN,63.302,-9.476,2.742,175
10.852,185.019,-7.007,7.482,0.006,0.432,6.217,-73.074,73.338,NaN,63.302,-9.476,2.933,175
11.21,182.512,-7.005,7.535,-0.006,0.14,6.133,-72.111,72.371,NaN,63.302,-9.476,2.878,175
11.568,180.004,-7.007,7.556,0.003,0.202,6.046,-71.112,71.368,NaN,63.302,-9.476,2.684,175
11.926,177.498,-7.006,7.528,0.003,0.255,5.959,-70.117,70.369,NaN,63.302,-9.476,2.574,175
12.283,174.993,-7.005,7.494,0.004,0.316,5.875,-69.151,69.4,NaN,63.302,-9.476,2.439,175
12.641,172.487,-7.003,7.454,0.002,0.302,5.793,-68.221,68.467,NaN,63.302,-9.476,2.768,175
12.999,169.983,-7.003,7.491,0.005,0.373,5.713,-67.293,67.535,NaN,63.302,-9.476,2.926,175
13.356,167.479,-7.001,7.538,0.005,0.441,5.628,-66.322,66.56,NaN,63.302,-9.476,2.478,175
13.714,164.975,-6.999,7.479,-0.001,0.373,5.543,-65.355,65.589,NaN,63.302,-9.476,2.369,175
14.071,162.472,-7,7.433,-0.005,0.022,5.464,-64.44,64.671,NaN,63.302,-9.476,2.517,175
14.429,159.969,-7.001,7.437,0.004,0.19,5.386,-63.547,63.775,NaN,63.302,-9.476,2.374,175
14.786,157.467,-7,7.414,0,0.06,5.309,-62.666,62.89,NaN,63.302,-9.476,2.399,175
15.144,154.965,-7,7.406,0.003,0.154,5.234,-61.8,62.021,NaN,63.302,-9.476,2.31,175
15.501,152.464,-6.999,7.387,0.001,0.017,5.159,-60.949,61.166,NaN,63.302,-9.476,2.353,175
15.858,149.964,-6.998,7.385,0.012,0.434,5.086,-60.108,60.323,NaN,63.302,-9.476,2.669,175
16.216,147.465,-6.994,7.432,-0.006,0.152,5.01,-59.241,59.452,NaN,63.302,-9.476,2.623,175
16.573,144.965,-6.996,7.453,0.013,0.492,4.932,-58.336,58.544,NaN,63.302,-9.476,2.919,175
16.93,142.466,-6.992,7.511,-0.01,0.073,4.849,-57.391,57.595,NaN,63.302,-9.476,2.795,175
17.288,139.967,-6.995,7.524,0.003,0.139,4.764,-56.41,56.61,NaN,63.302,-9.476,2.67,175
17.645,137.47,-6.994,7.505,0.027,0.717,4.678,-55.433,55.63,NaN,63.302,-9.476,2.21,175
18.002,134.974,-6.985,7.407,-0.019,0.319,4.598,-54.511,54.705,NaN,63.302,-9.476,2.236,175
18.359,132.476,-6.991,7.376,0,0.258,4.523,-53.654,53.844,NaN,63.302,-9.476,2.534,175
18.716,129.979,-6.991,7.406,-0.001,0.026,4.449,-52.802,52.989,NaN,63.302,-9.476,2.461,175
19.073,127.483,-6.992,7.409,0.003,0.141,4.373,-51.932,52.115,NaN,63.302,-9.476,2.552,175
19.43,124.988,-6.991,7.425,0.02,0.613,4.296,-51.051,51.232,NaN,63.302,-9.476,2.938,175
19.787,122.495,-6.983,7.495,-0.013,0.293,4.216,-50.123,50.3,NaN,63.302,-9.476,2.929,175
20.144,120,-6.988,7.537,0.001,0.268,4.129,-49.136,49.31,NaN,63.302,-9.476,2.634,175
20.501,117.506,-6.988,7.502,0.003,0.29,4.043,-48.149,48.319,NaN,63.302,-9.476,2.936,175
20.858,115.013,-6.987,7.539,-0.002,0.005,3.957,-47.16,47.326,NaN,63.302,-9.476,2.83,175
21.215,112.52,-6.987,7.539,0.01,0.389,3.869,-46.154,46.316,NaN,63.302,-9.476,2.554,175
21.571,110.029,-6.984,7.485,-0.002,0.256,3.784,-45.172,45.331,NaN,63.302,-9.476,2.51,175
21.928,107.537,-6.985,7.453,0.001,0.23,3.702,-44.232,44.386,NaN,63.302,-9.476,2.437,175
22.285,105.046,-6.984,7.425,0,0.098,3.622,-43.322,43.473,NaN,63.302,-9.476,2.45,175
22.641,102.555,-6.984,7.413,0.005,0.268,3.545,-42.433,42.581,NaN,63.302,-9.476,2.675,175
22.998,100.065,-6.982,7.444,0.003,0.3,3.467,-41.534,41.678,NaN,63.302,-9.476,2.794,175
23.354,97.576,-6.981,7.481,0.006,0.421,3.385,-40.599,40.739,NaN,63.302,-9.476,2.987,175
23.711,95.087,-6.979,7.534,-0.007,0.07,3.299,-39.618,39.755,NaN,63.302,-9.476,2.787,175
24.067,92.598,-6.981,7.526,0.003,0.144,3.212,-38.614,38.748,NaN,63.302,-9.476,2.709,175
24.424,90.111,-6.98,7.506,0.005,0.283,3.126,-37.625,37.755,NaN,63.302,-9.476,2.559,175
24.78,87.623,-6.979,7.468,0.005,0.377,3.042,-36.663,36.789,NaN,63.302,-9.476,2.391,175
25.137,85.137,-6.977,7.42,0.011,0.568,2.961,-35.743,35.865,NaN,63.302,-9.476,2.93,175
25.493,82.651,-6.973,7.487,-0.014,0.089,2.88,-34.81,34.929,NaN,63.302,-9.476,2.791,175
25.849,80.164,-6.978,7.504,0.025,0.683,2.795,-33.836,33.951,NaN,63.302,-9.476,3.244,175
26.206,77.68,-6.969,7.588,-0.021,0.107,2.706,-32.813,32.925,NaN,63.302,-9.476,3.077,175
26.562,75.194,-6.976,7.61,0.005,0.248,2.612,-31.74,31.848,NaN,63.302,-9.476,2.863,175
26.918,72.71,-6.975,7.573,0.019,0.632,2.52,-30.678,30.781,NaN,63.302,-9.476,2.502,175
27.274,70.227,-6.968,7.482,0.031,0.986,2.432,-29.67,29.77,NaN,63.302,-9.476,2.028,175
27.631,67.746,-6.957,7.351,-0.047,0.098,2.353,-28.765,28.861,NaN,63.302,-9.476,2.436,175
27.988,65.26,-6.973,7.377,0.004,0.228,2.279,-27.915,28.008,NaN,63.302,-9.476,2.569,175
28.344,62.778,-6.972,7.402,0.011,0.472,2.203,-27.047,27.137,NaN,63.302,-9.476,2.151,175
28.7,60.297,-6.968,7.344,0.003,0.497,2.129,-26.195,26.281,NaN,63.302,-9.476,2.673,175
29.056,57.816,-6.967,7.401,0.014,0.7,2.054,-25.341,25.424,NaN,63.302,-9.476,2.994,175
29.412,55.336,-6.962,7.484,-0.02,0.243,1.973,-24.411,24.491,NaN,63.302,-9.476,2.573,175
29.768,52.854,-6.969,7.459,0.001,0.197,1.89,-23.452,23.528,NaN,63.302,-9.476,2.799,175
30.124,50.375,-6.969,7.484,0.006,0.336,1.806,-22.497,22.57,NaN,63.302,-9.476,2.968,175
30.48,47.896,-6.967,7.526,-0.004,0.063,1.72,-21.509,21.577,NaN,63.302,-9.476,2.893,175
30.836,45.417,-6.968,7.536,0.006,0.288,1.632,-20.495,20.56,NaN,63.302,-9.476,2.666,175
31.191,42.939,-6.966,7.496,-0.002,0.022,1.545,-19.496,19.557,NaN,63.302,-9.476,2.784,175
31.547,40.461,-6.966,7.499,0.002,0.025,1.459,-18.514,18.571,NaN,63.302,-9.476,2.759,175
31.903,37.984,-6.966,7.495,0.01,0.403,1.373,-17.532,17.586,NaN,63.302,-9.476,2.481,175
32.258,35.508,-6.962,7.44,-0.006,0.009,1.29,-16.577,16.627,NaN,63.302,-9.476,2.62,175
32.614,33.031,-6.964,7.442,0.002,0.057,1.209,-15.647,15.694,NaN,63.302,-9.476,2.663,175
32.969,30.556,-6.963,7.448,0.003,0.152,1.128,-14.715,14.758,NaN,63.302,-9.476,2.751,175
33.325,28.081,-6.962,7.466,0.001,0.005,1.045,-13.77,13.81,NaN,63.302,-9.476,2.693,175
33.68,25.606,-6.962,7.465,0.003,0.158,0.962,-12.816,12.852,NaN,63.302,-9.476,2.582,175
34.035,23.132,-6.961,7.444,0.002,0.125,0.88,-11.872,11.904,NaN,63.302,-9.476,2.55,175
34.391,20.659,-6.96,7.428,0.002,0.086,0.799,-10.945,10.975,NaN,63.302,-9.476,2.533,175
34.746,18.186,-6.96,7.417,0.003,0.149,0.719,-10.033,10.058,NaN,63.302,-9.476,2.67,175
35.101,15.713,-6.959,7.434,0.005,0.302,0.64,-9.116,9.139,NaN,63.302,-9.476,2.402,175
35.457,13.242,-6.957,7.396,0.017,0.622,0.56,-8.209,8.228,NaN,63.302,-9.476,2.95,175
35.812,10.771,-6.951,7.468,-0.017,0.097,0.48,-7.282,7.298,NaN,63.302,-9.476,2.662,175
36.167,8.299,-6.957,7.461,0.031,0.767,0.396,-6.321,6.334,NaN,63.302,-9.476,2.154,175
36.523,5.83,-6.946,7.357,-0.027,0.068,0.317,-5.415,5.425,NaN,63.302,-9.476,2.379,175
36.878,3.358,-6.956,7.359,0.006,0.277,0.242,-4.561,4.567,NaN,63.302,-9.476,2.598,175
# Event GROUND_HIT occurred at t=37.361 seconds,,,,,,,,,,,,,
# Event SIMULATION_END occurred at t=37.361 seconds,,,,,,,,,,,,,
37.361,0,-6.953,7.401,-0.001,0.211,0.139,-3.373,3.376,NaN,63.302,-9.476,2.685,175
